Bot,Description
Ada,"A health-focused chatbot designed to assess symptoms and provide medical guidance, not diagnoses."
characterAI,"A role-play–focused platform where you chat with fictional or custom characters, emphasizing personality, creativity, and storytelling."
ChatGPT,"An open-domain chatbot for conversation, writing, coding, learning, and creative tasks"
Deepseek,"An open-domain chatbot geared toward technical reasoning, coding, and analytical tasks, often compared to research-focused assistants."
Gemini,"Google’s AI assistant, designed for productivity, search-connected tasks, multimodal input (text/images), and real-time information."
Paradot,"A social companion chatbot focused on emotional bonding, long-term memory, and personalized conversation."
Replika,"A social companion chatbot aimed at emotional support, friendship, and role-play, with a strong emphasis on mental well-being."
Rocky,"A mental-health and coaching chatbot focused on resilience, mindset, and goal clarity."
SeniorTalk,"A social companion chatbot designed for older adults, emphasizing companionship, simplicity, and daily conversation."
Supertutor,"An educational chatbot focused on tutoring, explaining concepts, and helping students learn or practice academic subjects."
Talkpal,"An educational chatbot for language learning that helps users practice speaking, grammar, and vocabulary through conversation."
Wysa,"A mental-health chatbot offering Cognitive Behavioral Therapy-based techniques, mood tracking, and emotional support."
